"TPU v6e FP32 Opus Megakernel v2 + Fused Device Pooling (jina-v2-opus-megakernel @ d3439062 [Latest] & cb460828 | FP32, max_model_len=2048, Exact 1,024 & 2,048 Tokens) — Matching Zhemin gid=1161755388 AS-IS"

"1. Batch Request Testing: A single HTTP request contains multiple prompts (Single HTTP Request with N=1,4,8,16 prompts; Exact 1,024 & 2,048 tokens)"
Payload Size,Concurrency,Throughput (TPU v6e d3439062 Fused),p50 (TPU v6e d3439062 Fused),p99 (TPU v6e d3439062 Fused),Throughput (TPU v6e cb460828),p50 (TPU v6e cb460828),p99 (TPU v6e cb460828),Throughput (TPU v5e Zhemin),p50 (TPU v5e Zhemin),p99 (TPU v5e Zhemin),Throughput (L4 GPU Zhemin),p50 (L4 GPU Zhemin),p99 (L4 GPU Zhemin)
1KB (1024 chars),1,139.4/s,7.1ms,8.1ms,130.3/s,7.4ms,10.4ms,85.8/s,11.5ms,12.7ms,43.2/s,20.7ms,23.5ms
1KB (1024 chars),4,235.1/s,16.9ms,18.1ms,227.0/s,17.4ms,19.4ms,187.4/s,21.2ms,22.8ms,103.4/s,38.1ms,42.9ms
1KB (1024 chars),8,259.5/s,30.6ms,32.3ms,254.3/s,31.2ms,32.7ms,187.6/s,42.5ms,44.5ms,135.1/s,58.7ms,66.3ms
1KB (1024 chars),16,272.9/s,58.5ms,59.6ms,267.9/s,59.5ms,60.8ms,186.8/s,85.4ms,89.9ms,165.2/s,96.5ms,107.6ms
2KB (2048 chars),1,115.5/s,8.5ms,9.4ms,108.1/s,9.0ms,10.6ms,59.5/s,16.5ms,17.7ms,39.0/s,24.3ms,28.2ms
2KB (2048 chars),4,153.2/s,25.9ms,27.1ms,148.3/s,26.6ms,29.3ms,97.7/s,40.7ms,42.8ms,75.7/s,52.1ms,58.2ms
2KB (2048 chars),8,165.3/s,48.1ms,50.5ms,158.3/s,50.1ms,52.4ms,96.6/s,82.6ms,86.0ms,90.5/s,87.4ms,97.3ms
2KB (2048 chars),16,172.4/s,92.1ms,98.0ms,163.0/s,97.3ms,104.0ms,96.5/s,165.9ms,171.2ms,101.1/s,156.9ms,175.5ms

"2. Concurrent Request Testing (k6 constant-vus, VUS = 1, 4, 8, 16 concurrent HTTP requests; Exact 1,024 & 2,048 tokens)"
Payload Size,Concurrency,Throughput (TPU v6e d3439062 Fused),p50 (TPU v6e d3439062 Fused),p99 (TPU v6e d3439062 Fused),Throughput (TPU v6e cb460828),p50 (TPU v6e cb460828),p99 (TPU v6e cb460828),Throughput (TPU v5e Zhemin),p50 (TPU v5e Zhemin),p99 (TPU v5e Zhemin),Throughput (L4 GPU Zhemin),p50 (L4 GPU Zhemin),p99 (L4 GPU Zhemin)
1KB (1024 chars),1,134.1/s,6.6ms,7.1ms,128.4/s,6.9ms,8.0ms,85.8/s,11.5ms,12.7ms,43.2/s,20.7ms,23.5ms
1KB (1024 chars),4,394.5/s,9.3ms,12.0ms,376.4/s,9.9ms,12.3ms,187.4/s,21.2ms,22.8ms,103.4/s,38.1ms,42.9ms
1KB (1024 chars),8,519.2/s,14.3ms,19.7ms,507.1/s,14.8ms,20.2ms,187.6/s,42.5ms,44.5ms,135.1/s,58.7ms,66.3ms
1KB (1024 chars),16,546.4/s,28.4ms,37.4ms,518.0/s,30.1ms,39.3ms,186.8/s,85.4ms,89.9ms,165.2/s,96.5ms,107.6ms
2KB (2048 chars),1,105.8/s,8.0ms,9.0ms,99.0/s,8.6ms,9.5ms,59.5/s,16.5ms,17.7ms,39.0/s,24.3ms,28.2ms
2KB (2048 chars),4,294.8/s,12.3ms,15.6ms,290.1/s,12.4ms,16.2ms,97.7/s,40.7ms,42.8ms,75.7/s,52.1ms,58.2ms
2KB (2048 chars),8,374.0/s,19.7ms,26.0ms,367.6/s,20.1ms,26.8ms,96.6/s,82.6ms,86.0ms,90.5/s,87.4ms,97.3ms
2KB (2048 chars),16,302.3/s,51.2ms,58.2ms,366.9/s,42.0ms,50.0ms,96.5/s,165.9ms,171.2ms,101.1/s,156.9ms,175.5ms

"3A. 1KB Dedicated Saturation (Exact 1,024 Tokens per Request, FP32, p99 < 50 ms SLA)"
RPS,Achieved (TPU v6e d3439062 Fused),P50 (TPU v6e d3439062 Fused),P99 (TPU v6e d3439062 Fused),SLA (TPU v6e d3439062 Fused),Achieved (TPU v6e cb460828),P50 (TPU v6e cb460828),P99 (TPU v6e cb460828),SLA (TPU v6e cb460828),Achieved (TPU v5e Zhemin),P50 (TPU v5e Zhemin),P99 (TPU v5e Zhemin),SLA (TPU v5e Zhemin)
100,— (PASS <480),—,—,PASS,100.03,7.2 ms,8.5 ms,PASS,100,11.5 ms,14.0 ms,PASS
120,— (PASS <480),—,—,PASS,120.03,7.0 ms,8.3 ms,PASS,120,11.8 ms,15.5 ms,PASS
140,— (PASS <480),—,—,PASS,140.05,6.9 ms,8.2 ms,PASS,140,11.6 ms,18.5 ms,PASS
160,— (PASS <480),—,—,PASS,160.04,7.1 ms,9.1 ms,PASS,160,16.8 ms,24.2 ms,PASS
180,— (PASS <480),—,—,PASS,180.07,7.4 ms,9.7 ms,PASS,180.1,19.9 ms,29.6 ms,PASS
190,— (PASS <480),—,—,PASS,190.04,7.6 ms,9.7 ms,PASS,187.8,523.7 ms,762.7 ms,SATURATED
200,— (PASS <480),—,—,PASS,200.05,7.7 ms,9.7 ms,PASS,189,1709 ms,2818 ms,SATURATED
220,— (PASS <480),—,—,PASS,220.05,8.3 ms,9.4 ms,PASS,187.9,3738 ms,6182 ms,SATURATED
240,— (PASS <480),—,—,PASS,240.06,8.1 ms,9.6 ms,PASS,—,—,—,SATURATED (>180 RPS)
260,— (PASS <480),—,—,PASS,260.07,7.9 ms,10.3 ms,PASS,—,—,—,SATURATED (>180 RPS)
280,— (PASS <480),—,—,PASS,280.08,7.9 ms,10.9 ms,PASS,—,—,—,SATURATED (>180 RPS)
300,— (PASS <480),—,—,PASS,300.08,7.9 ms,11.2 ms,PASS,—,—,—,SATURATED (>180 RPS)
320,— (PASS <480),—,—,PASS,320.06,8.4 ms,12.8 ms,PASS,—,—,—,SATURATED (>180 RPS)
340,— (PASS <480),—,—,PASS,340.15,8.7 ms,13.1 ms,PASS,—,—,—,SATURATED (>180 RPS)
360,— (PASS <480),—,—,PASS,360.19,9.3 ms,15.3 ms,PASS,—,—,—,SATURATED (>180 RPS)
380,— (PASS <480),—,—,PASS,380.21,9.6 ms,14.4 ms,PASS,—,—,—,SATURATED (>180 RPS)
400,— (PASS <480),—,—,PASS,400.28,10.1 ms,16.3 ms,PASS,—,—,—,SATURATED (>180 RPS)
420,— (PASS <480),—,—,PASS,420.45,9.8 ms,17.5 ms,PASS,—,—,—,SATURATED (>180 RPS)
440,— (PASS <480),—,—,PASS,440.21,11.3 ms,19.7 ms,PASS,—,—,—,SATURATED (>180 RPS)
460,— (PASS <480),—,—,PASS,460.31,11.5 ms,25.0 ms,PASS,—,—,—,SATURATED (>180 RPS)
480,480.30,11.2 ms,21.5 ms,PASS,480.45,12.6 ms,27.9 ms,PASS,—,—,—,SATURATED (>180 RPS)
490,— (PASS <480),—,—,PASS,490.28,14.1 ms,46.3 ms,PASS,—,—,—,SATURATED (>180 RPS)
500,500.66,11.6 ms,24.2 ms,PASS,500.55,13.7 ms,71.3 ms,SATURATED,—,—,—,SATURATED (>180 RPS)
510,510.37,12.2 ms,23.4 ms,PASS,510.42,16.1 ms,104.2 ms,SATURATED,—,—,—,SATURATED (>180 RPS)
520,520.39,12.8 ms,36.1 ms,PASS,517.55,21.2 ms,533.7 ms,SATURATED,—,—,—,SATURATED (>180 RPS)
530,530.35,13.1 ms,47.9 ms,PASS,—,—,—,SATURATED (>490 RPS),—,—,—,SATURATED (>180 RPS)
540,540.57,15.7 ms,121.1 ms,SATURATED,—,—,—,SATURATED (>490 RPS),—,—,—,SATURATED (>180 RPS)
550,546.40,52.0 ms,564.0 ms,SATURATED,—,—,—,SATURATED (>490 RPS),—,—,—,SATURATED (>180 RPS)

"3B. 2KB Dedicated Saturation (Exact 2,048 Tokens per Request, FP32, p99 < 50 ms SLA)"
RPS,Achieved (TPU v6e d3439062 Fused),P50 (TPU v6e d3439062 Fused),P99 (TPU v6e d3439062 Fused),SLA (TPU v6e d3439062 Fused),Achieved (TPU v6e cb460828),P50 (TPU v6e cb460828),P99 (TPU v6e cb460828),SLA (TPU v6e cb460828),Achieved (TPU v5e Zhemin),P50 (TPU v5e Zhemin),P99 (TPU v5e Zhemin),SLA (TPU v5e Zhemin)
90,— (PASS <340),—,—,PASS,90.03,8.6 ms,9.9 ms,PASS,90,17.2 ms,26.5 ms,PASS
95,— (PASS <340),—,—,PASS,95.03,8.7 ms,10.2 ms,PASS,94.75,218.6 ms,346.5 ms,SATURATED
100,— (PASS <340),—,—,PASS,100.03,8.6 ms,9.9 ms,PASS,96.32,1031 ms,2185 ms,SATURATED
110,— (PASS <340),—,—,PASS,110.03,8.6 ms,10.0 ms,PASS,96.74,3208 ms,5170 ms,SATURATED
120,— (PASS <340),—,—,PASS,120.03,8.6 ms,10.4 ms,PASS,—,—,—,SATURATED (>90 RPS)
130,— (PASS <340),—,—,PASS,130.05,8.8 ms,11.8 ms,PASS,—,—,—,SATURATED (>90 RPS)
140,— (PASS <340),—,—,PASS,140.05,9.3 ms,12.9 ms,PASS,—,—,—,SATURATED (>90 RPS)
150,— (PASS <340),—,—,PASS,150.05,9.4 ms,12.7 ms,PASS,—,—,—,SATURATED (>90 RPS)
160,— (PASS <340),—,—,PASS,160.05,11.1 ms,12.5 ms,PASS,—,—,—,SATURATED (>90 RPS)
170,— (PASS <340),—,—,PASS,170.04,10.9 ms,12.2 ms,PASS,—,—,—,SATURATED (>90 RPS)
180,— (PASS <340),—,—,PASS,180.06,10.5 ms,12.0 ms,PASS,—,—,—,SATURATED (>90 RPS)
190,— (PASS <340),—,—,PASS,190.04,10.3 ms,11.9 ms,PASS,—,—,—,SATURATED (>90 RPS)
200,— (PASS <340),—,—,PASS,200.04,10.0 ms,12.0 ms,PASS,—,—,—,SATURATED (>90 RPS)
220,— (PASS <340),—,—,PASS,220.06,9.8 ms,13.9 ms,PASS,—,—,—,SATURATED (>90 RPS)
240,— (PASS <340),—,—,PASS,240.06,9.7 ms,15.5 ms,PASS,—,—,—,SATURATED (>90 RPS)
260,— (PASS <340),—,—,PASS,260.08,9.8 ms,15.1 ms,PASS,—,—,—,SATURATED (>90 RPS)
280,280.16,10.7 ms,16.2 ms,PASS,280.14,10.1 ms,16.7 ms,PASS,—,—,—,SATURATED (>90 RPS)
300,300.14,12.4 ms,17.0 ms,PASS,300.10,12.9 ms,18.6 ms,PASS,—,—,—,SATURATED (>90 RPS)
310,— (PASS <340),—,—,PASS,310.17,12.7 ms,18.1 ms,PASS,—,—,—,SATURATED (>90 RPS)
320,320.14,12.2 ms,18.6 ms,PASS,320.17,12.6 ms,25.3 ms,PASS,—,—,—,SATURATED (>90 RPS)
330,— (PASS <340),—,—,PASS,330.10,12.6 ms,57.1 ms,SATURATED,—,—,—,SATURATED (>90 RPS)
340,340.18,12.0 ms,27.0 ms,PASS,340.37,13.6 ms,138.7 ms,SATURATED,—,—,—,SATURATED (>90 RPS)
350,350.20,11.7 ms,25.2 ms,PASS,—,—,—,SATURATED (>320 RPS),—,—,—,SATURATED (>90 RPS)
360,359.88,12.6 ms,89.3 ms,SATURATED,348.05,271.2 ms,2526.2 ms,SATURATED,—,—,—,SATURATED (>90 RPS)
370,370.17,87.4 ms,325.1 ms,SATURATED,—,—,—,SATURATED (>320 RPS),—,—,—,SATURATED (>90 RPS)

TPU v6e Opus Megakernel d3439062 [Latest] & cb460828 ($2.70/hr) vs TPU v5e ($1.20 / $1.22/hr) & NVIDIA L4 ($0.70/hr) — Matching Zhemin gid=1972899730 AS-IS

1A. Batch Request Comparison — Single HTTP Request with N Prompts (P50)
Payload Size,Concurrency,TPU v6e d3439062 (ms),TPU v6e cb460828 (ms),TPU v5e (ms),L4 GPU (ms),Absolute Delta (d3439062 vs v5e),% Reduction (d3439062 vs v5e),Absolute Delta (d3439062 vs L4),% Reduction (d3439062 vs L4),Faster Setup
1KB (1024 chars),1,7.1ms,7.4ms,11.5ms,20.7ms,-4.4ms,38.3%,-13.6ms,65.7%,TPU v6e (d3439062)
1KB (1024 chars),4,16.9ms,17.4ms,21.2ms,38.1ms,-4.3ms,20.3%,-21.2ms,55.6%,TPU v6e (d3439062)
1KB (1024 chars),8,30.6ms,31.2ms,42.5ms,58.7ms,-11.9ms,28.0%,-28.1ms,47.9%,TPU v6e (d3439062)
1KB (1024 chars),16,58.5ms,59.5ms,85.4ms,96.5ms,-26.9ms,31.5%,-38.0ms,39.4%,TPU v6e (d3439062)
2KB (2048 chars),1,8.5ms,9.0ms,16.5ms,24.3ms,-8.0ms,48.5%,-15.8ms,65.0%,TPU v6e (d3439062)
2KB (2048 chars),4,25.9ms,26.6ms,40.7ms,52.1ms,-14.8ms,36.4%,-26.2ms,50.3%,TPU v6e (d3439062)
2KB (2048 chars),8,48.1ms,50.1ms,82.6ms,87.4ms,-34.5ms,41.8%,-39.3ms,45.0%,TPU v6e (d3439062)
2KB (2048 chars),16,92.1ms,97.3ms,165.9ms,156.9ms,-73.8ms,44.5%,-64.8ms,41.3%,TPU v6e (d3439062)

1A. Batch Request Comparison — Single HTTP Request with N Prompts (p99)
Payload Size,Concurrency,TPU v6e d3439062 (ms),TPU v6e cb460828 (ms),TPU v5e (ms),L4 GPU (ms),Absolute Delta (d3439062 vs v5e),% Reduction (d3439062 vs v5e),Absolute Delta (d3439062 vs L4),% Reduction (d3439062 vs L4),Faster Setup
1KB (1024 chars),1,8.1ms,10.4ms,12.7ms,23.5ms,-4.6ms,36.2%,-15.4ms,65.5%,TPU v6e (d3439062)
1KB (1024 chars),4,18.1ms,19.4ms,22.8ms,42.9ms,-4.7ms,20.6%,-24.8ms,57.8%,TPU v6e (d3439062)
1KB (1024 chars),8,32.3ms,32.7ms,44.5ms,66.3ms,-12.2ms,27.4%,-34.0ms,51.3%,TPU v6e (d3439062)
1KB (1024 chars),16,59.6ms,60.8ms,89.9ms,107.6ms,-30.3ms,33.7%,-48.0ms,44.6%,TPU v6e (d3439062)
2KB (2048 chars),1,9.4ms,10.6ms,17.7ms,28.2ms,-8.3ms,46.9%,-18.8ms,66.7%,TPU v6e (d3439062)
2KB (2048 chars),4,27.1ms,29.3ms,42.8ms,58.2ms,-15.7ms,36.7%,-31.1ms,53.4%,TPU v6e (d3439062)
2KB (2048 chars),8,50.5ms,52.4ms,86.0ms,97.3ms,-35.5ms,41.3%,-46.8ms,48.1%,TPU v6e (d3439062)
2KB (2048 chars),16,98.0ms,104.0ms,171.2ms,175.5ms,-73.2ms,42.8%,-77.5ms,44.2%,TPU v6e (d3439062)

"1B. Concurrent Request Comparison — k6 Concurrent HTTP Requests VUS=1,4,8,16 (P50)"
Payload Size,Concurrency,TPU v6e d3439062 (ms),TPU v6e cb460828 (ms),TPU v5e (ms),L4 GPU (ms),Absolute Delta (d3439062 vs v5e),% Reduction (d3439062 vs v5e),Absolute Delta (d3439062 vs L4),% Reduction (d3439062 vs L4),Faster Setup
1KB (1024 chars),1,6.6ms,6.9ms,11.5ms,20.7ms,-4.9ms,42.6%,-14.1ms,68.1%,TPU v6e (d3439062)
1KB (1024 chars),4,9.3ms,9.9ms,21.2ms,38.1ms,-11.9ms,56.1%,-28.8ms,75.6%,TPU v6e (d3439062)
1KB (1024 chars),8,14.3ms,14.8ms,42.5ms,58.7ms,-28.2ms,66.4%,-44.4ms,75.6%,TPU v6e (d3439062)
1KB (1024 chars),16,28.4ms,30.1ms,85.4ms,96.5ms,-57.0ms,66.7%,-68.1ms,70.6%,TPU v6e (d3439062)
2KB (2048 chars),1,8.0ms,8.6ms,16.5ms,24.3ms,-8.5ms,51.5%,-16.3ms,67.1%,TPU v6e (d3439062)
2KB (2048 chars),4,12.3ms,12.4ms,40.7ms,52.1ms,-28.4ms,69.8%,-39.8ms,76.4%,TPU v6e (d3439062)
2KB (2048 chars),8,19.7ms,20.1ms,82.6ms,87.4ms,-62.9ms,76.2%,-67.7ms,77.5%,TPU v6e (d3439062)
2KB (2048 chars),16,51.2ms,42.0ms,165.9ms,156.9ms,-114.7ms,69.1%,-105.7ms,67.4%,TPU v6e (d3439062)

"1B. Concurrent Request Comparison — k6 Concurrent HTTP Requests VUS=1,4,8,16 (p99)"
Payload Size,Concurrency,TPU v6e d3439062 (ms),TPU v6e cb460828 (ms),TPU v5e (ms),L4 GPU (ms),Absolute Delta (d3439062 vs v5e),% Reduction (d3439062 vs v5e),Absolute Delta (d3439062 vs L4),% Reduction (d3439062 vs L4),Faster Setup
1KB (1024 chars),1,7.1ms,8.0ms,12.7ms,23.5ms,-5.6ms,44.1%,-16.4ms,69.8%,TPU v6e (d3439062)
1KB (1024 chars),4,12.0ms,12.3ms,22.8ms,42.9ms,-10.8ms,47.4%,-30.9ms,72.0%,TPU v6e (d3439062)
1KB (1024 chars),8,19.7ms,20.2ms,44.5ms,66.3ms,-24.8ms,55.7%,-46.6ms,70.3%,TPU v6e (d3439062)
1KB (1024 chars),16,37.4ms,39.3ms,89.9ms,107.6ms,-52.5ms,58.4%,-70.2ms,65.2%,TPU v6e (d3439062)
2KB (2048 chars),1,9.0ms,9.5ms,17.7ms,28.2ms,-8.7ms,49.2%,-19.2ms,68.1%,TPU v6e (d3439062)
2KB (2048 chars),4,15.6ms,16.2ms,42.8ms,58.2ms,-27.2ms,63.6%,-42.6ms,73.2%,TPU v6e (d3439062)
2KB (2048 chars),8,26.0ms,26.8ms,86.0ms,97.3ms,-60.0ms,69.8%,-71.3ms,73.3%,TPU v6e (d3439062)
2KB (2048 chars),16,58.2ms,50.0ms,171.2ms,175.5ms,-113.0ms,66.0%,-117.3ms,66.8%,TPU v6e (d3439062)

2. RPS Saturation Result (p99 < 50 ms SLA)
Payload,Setup,RPS,p50,p99,RPS Improvement (vs L4 GPU),RPS Improvement (vs TPU v5e)
1K,L4 GPU,70/s,—,—,Baseline,—
1K,TPU v5e,180/s (187/s max achieved),19.9ms,29.6ms,+157.1%,Baseline
1K,"TPU v6e (Opus Megakernel d3439062 Fused Pooling, 10-RPS grid max PASS)",530/s,13.1ms,47.9ms,+657.1% (7.57x),+194.4% vs 180/s (+183.4% vs 187/s)
1K,"TPU v6e (Opus Megakernel d3439062 Fused Pooling, 20-RPS grid max PASS)",520/s,12.8ms,36.1ms,+642.9% (7.43x),+188.9% vs 180/s (+178.1% vs 187/s)
1K,"TPU v6e (Opus Megakernel cb460828 Device Pooling, 10-RPS grid max PASS)",490/s,14.1ms,46.3ms,+600.0% (7.00x),+172.2% vs 180/s (+162.0% vs 187/s)
1K,"TPU v6e (Opus Megakernel cb460828 Device Pooling, 20-RPS grid max PASS)",480/s,12.6ms,27.9ms,+585.7% (6.86x),+166.7% vs 180/s (+156.7% vs 187/s)
2K,L4 GPU,40/s,—,—,Baseline,—
2K,TPU v5e,90/s,17.2ms,26.5ms,+125.0%,Baseline
2K,"TPU v6e (Opus Megakernel d3439062 Fused Pooling, 10-RPS grid max PASS)",350/s,11.7ms,25.2ms,+775.0% (8.75x),+288.9% (3.89x)
2K,"TPU v6e (Opus Megakernel d3439062 Fused Pooling, 20-RPS grid max PASS)",340/s,12.0ms,27.0ms,+750.0% (8.50x),+277.8% (3.78x)
2K,"TPU v6e (Opus Megakernel cb460828 Device Pooling, max PASS)",320/s,12.6ms,25.3ms,+700.0% (8.00x),+255.6% (3.56x)
2K,"TPU v6e (Opus Megakernel cb460828 Device Pooling, 300 RPS target)",300/s,12.9ms,18.6ms,+650.0% (7.50x),+233.3% (3.33x)

"3. Cost Improvement (Matching Zhemin's Formula: Hourly Cost / (0.40 * Max RPS * 3600) * 1,000,000)"
Machine Type,Machine Config,Hourly Cost,Cost per 1M request (1K Payload),Cost per 1M request (2K Payload)
g2-standard-4,L4 GPUs: 1 | vCPUs: 4 | Memory: 16GiB | GPU Memory: 24GiB,0.7,6.944444444,12.15277778
"ct5lp-hightpu-1t (Zhemin sheet $1.20, 187/90 RPS)",vCPUs: 24 | Memory: 48 GB | TPU HBM: 16 GB,1.2,4.456327986,9.259259259
"ct5lp-hightpu-1t (OD $1.22, 187/90 RPS)",vCPUs: 24 | Memory: 48 GB | TPU HBM: 16 GB,1.22,4.530600119,9.413580247
"ct5lp-hightpu-1t (OD $1.22, SLA-passing 180/90 RPS)",vCPUs: 24 | Memory: 48 GB | TPU HBM: 16 GB,1.22,4.706790123,9.413580247
"ct6e-standard-1t (Opus Megakernel d3439062 Fused, 530/350 RPS max PASS)",TPU v6e: 1 chip | vCPUs: 44 | Memory: 176 GB | TPU HBM: 32 GB,2.7,3.537735849,5.357142857
"ct6e-standard-1t (Opus Megakernel d3439062 Fused, 520/340 RPS 20-RPS grid)",TPU v6e: 1 chip | vCPUs: 44 | Memory: 176 GB | TPU HBM: 32 GB,2.7,3.605769231,5.514705882
"ct6e-standard-1t (Opus Megakernel cb460828, 490/320 RPS max PASS)",TPU v6e: 1 chip | vCPUs: 44 | Memory: 176 GB | TPU HBM: 32 GB,2.7,3.826530612,5.859375
"ct6e-standard-1t (Opus Megakernel cb460828, 480/320 RPS 20-RPS grid)",TPU v6e: 1 chip | vCPUs: 44 | Memory: 176 GB | TPU HBM: 32 GB,2.7,3.90625,5.859375
Cost Improvement (v5e $1.20 vs L4 $0.70 — Zhemin Baseline),,,35.83% reduction,23.81% reduction
Cost Improvement (v6e d3439062 $2.70 vs L4 $0.70 — 530 / 350 RPS),,,49.06% reduction,55.92% reduction
Cost Improvement (v6e d3439062 $2.70 vs v5e $1.20 @ 187/90 RPS — 530 / 350 RPS),,,20.61% reduction,42.14% reduction
Cost Improvement (v6e d3439062 $2.70 vs v5e $1.22 @ 180/90 RPS — 530 / 350 RPS),,,24.84% reduction,43.09% reduction
Cost Improvement (v6e cb460828 $2.70 vs L4 $0.70 — 490 / 320 RPS),,,44.90% reduction,51.79% reduction
Cost Improvement (v6e cb460828 $2.70 vs v5e $1.20 @ 187/90 RPS — 490 / 320 RPS),,,14.13% reduction,36.72% reduction
